No,Merk,Model,CPU,GPU,RAM,Storage,Harga
1,HP,OMNIBOOK 7 AERO AI 13,RYZEN AI 7 350,Integrated,16GB,512GB,Rp 16.199.000
2,ASUS,ROG STRIX SCAR 16 G635LW,ULTRA 9 275HX,RTX5080,16GB/32GB,2TB,Rp 79.599.000
3,DELL,PRO 15 ESSENTIAL PV15255,RYZEN 3 7320,Integrated,8GB,512GB,Rp 8.999.000
4,AXIOO,HYPE 5 AMD X6,RYZEN 5 6600H,Integrated,16GB,512GB,Rp 9.449.000
5,ASUS,EXPERTBOOK PM1403CDA,RYZEN 5 150,Integrated,16GB,512GB,Rp 10.850.000
6,AXIOO,HYPE 7 AMD X7-2,RYZEN 7 5825,Integrated,8GB,512GB,Rp 7.949.000
7,ASUS,ZENBOOK A14 UX3407QA,SNAPDRAGON X X126100,Integrated,16GB,512GB,Rp 16.549.000
8,AXIOO,HYPE 1,N4020,Integrated,8GB,128GB,Rp 4.199.000
9,ADVAN,TBOOK,N100,Integrated,8GB,128GB,Rp 4.599.000
10,MSI,CYBORG 15,I7 13620H,RTX3050 6GB,16GB,512GB,Rp 15.599.000
11,LENOVO,IDEAPAD SLIM 3 14,I3 1315,Integrated,8GB,256GB,Rp 7.899.000
12,ASUS,ROG ZEPHYRUS G14 OLED,RYZEN AI 9 465,RTX5060 8GB,32GB,1TB,Rp 39.249.000
13,INFINIX,INBOOK X2 2025,I5 1334,Integrated,8GB,512GB,Rp 7.599.000
14,MSI,CYBORG 15,CORE I5 210H,RTX5060 8GB,16GB,512GB,Rp 19.099.000
15,ASUS,TUF A16 FA608UH,RYZEN 7 260,RTX5050 8GB,16GB,512GB,Rp 21.999.000
16,AXIOO,HYPE 10,N4020,Integrated,8GB,256GB,Rp 4.899.000
17,ASUS,ROG STRIX G16 G614PP,RYZEN 9 8940HX,RTX5070 8GB,32GB,1TB,Rp 37.829.000
18,LENOVO,IDEAPAD 5 2IN1 14 TOUCH,I7 13620H,Integrated,16GB,512GB,Rp 18.699.000
19,AXIOO,PONGO 735,I7 13620H,RTX3050 6GB,16GB,512GB,Rp 14.499.000
20,AXIOO,PONGO 725 V2,I7 13620H,RTX2050 4GB,16GB,512GB,Rp 13.849.000
21,ADVAN,WORKMATE,RYZEN 5 3500,Integrated,8GB,256GB,Rp 5.729.000
22,AXIOO,HYPE-R 3 TOUCH,I3 1215,Integrated,12GB,256GB,Rp 8.040.000
23,AXIOO,HYPE 1,N4020,Integrated,4GB,128GB,Rp 3.649.000
24,AXIOO,HYPE 5 G12,I5 1235,Integrated,8GB,256GB,Rp 7.849.000
25,AXIOO,HYPE 5 G12,I5 1235,Integrated,16GB,512GB,Rp 9.999.000
26,ACER,ASPIRE GO 14 AG14,CORE 5 120U,Integrated,16GB,512GB,Rp 10.099.000
27,ASUS,TUF A15 FA506NCQ,RYZEN 7 170,RTX3050 4GB,8GB,512GB,Rp 15.379.000
28,HP,OMEN 15,RYZEN 5 240,RTX5050 8GB,16GB,1TB,Rp 20.599.000
29,LENOVO,LEGION 5I 15 OLED,I7 14700HX,RTX5060 8GB,24GB,512GB,Rp 28.299.000
30,LENOVO,IDEAPAD SLIM 3 14,I5 13420H,Integrated,16GB,512GB,Rp 11.999.000
31,ACER,SWIFT LITE 14 SFL14,RYZEN 7 200,Integrated,16GB,512GB,Rp 13.399.000
32,ASUS,VIVOBOOK 15 TOUCH A1504VAP,CORE 5 120U,Integrated,16GB,512GB,Rp 12.849.000
33,ASUS,VIVOBOOK 14 A1404VA,I3 1315,Integrated,8GB,256GB,Rp 8.199.000
34,HP,OMEN 15,I5 14450HX,RTX5050 8GB,16GB,1TB,Rp 21.799.000
35,APPLE,MACBOOK AIR 13 M2,M2 8C CPU,8C GPU,16GB,256GB,Rp 14.299.000
36,LENOVO,IDEAPAD SLIM 3 14,I3 1315,Integrated,8GB,512GB,Rp 8.449.000
37,ASUS,VIVOBOOK S14 OLED M3407HA,RYZEN 5 220,Integrated,16GB,1TB,Rp 14.299.000
38,ASUS,EXPERTBOOK PM1403CDA,RYZEN 5 150,Integrated,8GB,512GB,Rp 9.650.000
39,ASUS,VIVOBOOK 14 FLIP OLED TP3407SA,ULTRA 7 256V,Integrated,16GB,512GB,Rp 20.149.000
40,ACER,SWIFT EDGE 14 AI OLED SFE14,ULTRA 7 258V,Integrated,32GB,1TB,Rp 25.099.000
41,AXIOO,HYPE 5 G12 V2,I5 1235,Integrated,8GB,256GB,Rp 7.899.000
42,LENOVO,IDEAPAD FLEX 5 14 TOUCH,RYZEN 7 5825,Integrated,16GB,512GB,Rp 12.999.000
43,ASUS,VIVOBOOK 14 A1404VAP,CORE I7 150U,Integrated,16GB,512GB,Rp 13.899.000
44,AXIOO,HYPE-R 5 TOUCH,I5 1235,Integrated,24GB,512GB,Rp 10.799.000
45,ASUS,EXPERTBOOK PM1403CDA,RYZEN 7 170,Integrated,16GB,512GB,Rp 12.000.000
46,AXIOO,HYPE 3 G11,I3 1125G4,Integrated,8GB,256GB,Rp 5.999.000
47,ACER,ASPIRE LITE 14 AL14,RYZEN 7 7730U,Integrated,8GB,512GB,Rp 9.999.000
48,ACER,SWIFT GO 14 AI OLED SFG14,RYZEN 5 AI 340,Integrated,32GB,512GB,Rp 14.699.000
49,AXIOO,HYPE 7 AMD X7-2,RYZEN 7 5825,Integrated,8GB,512GB,Rp 7.699.000
50,AXIOO,HYPE-R 3 TOUCH,I3 1215,Integrated,12GB,256GB,Rp 7.799.000
51,ASUS,VIVOBOOK 15 TOUCH A1504VAP,CORE 5 120U,Integrated,16GB,512GB,Rp 12.849.000
52,LENOVO,LEGION PRO 5 16 OLED,RYZEN 7 8745HX,RTX5060 8GB,24GB,1TB,Rp 27.999.000
53,ACER,ASPIRE LITE 14 AL14,I5 13500H,Integrated,8GB,512GB,Rp 8.199.000
54,ZYREX,BLAZE,I5 12450H,Integrated,16GB,512GB,Rp 7.499.000
55,HP,OMNIBOOK 7 OLED 14,CORE 9 270H,Integrated,32GB,1TB,Rp 23.849.000
56,ASUS,EXPERTBOOK B9406CAA,ULTRA X7 358H,Integrated,32GB,1TB,Rp 47.999.000
57,HP,VICTUS 15,RYZEN 7 260,RTX5050 8GB,24GB,512GB,Rp 19.799.000
58,ASUS,ZENBOOK S14 OLED UX5406SA,ULTRA 7 258V,Integrated,32GB,1TB,Rp 28.499.000
59,ASUS,ROG STRIX G16 G615JHR,I7 14650HX,RTX5050 8GB,16GB,512GB,Rp 27.249.000
60,AVITA,SATUS S101,N4020,Integrated,8GB,256GB,Rp 3.699.000
61,ASUS,VIVOBOOK S14 S3407QA,SNAPDRAGON X1,Integrated,16GB,512GB,Rp 10.349.000
62,ASUS,VIVOBOOK 14 A1404VAP,CORE I7 150U,Integrated,8GB,512GB,Rp 12.599.000
63,ASUS,VIVOBOOK S14 M3407HA,RYZEN 7 260,Integrated,16GB,1TB,Rp 13.379.000
64,ASUS,GAMING V16 V3607VJ,CORE I5 210H,RTX3050 6GB,8GB,512GB,Rp 16.399.000
65,ACER,ASPIRE LITE 14 AL14,RYZEN 3 5300,Integrated,8GB,512GB,Rp 7.649.000
66,LENOVO,THINKPAD E14 G7,ULTRA 7 258V,Integrated,32GB,1TB,Rp 28.999.000
67,LENOVO,YOGA SLIM 7 AURA EDITION 14,ULTRA 5 226V,Integrated,16GB,512GB,Rp 18.499.000
68,ACER,ASPIRE LITE 14 AL14,I3 1215,Integrated,8GB,256GB,Rp 6.999.000
69,ACER,NITRO LITE 16,I5 13420H,RTX4050 6GB,16GB,512GB,Rp 15.899.000
70,LENOVO,IDEAPAD SLIM 5 13,RYZEN 7 7735HS,Integrated,16GB,512GB,Rp 15.099.000
71,ACER,NITRO V 15,CORE 5 210H,RTX5050 8GB,16GB,512GB,Rp 17.299.000
72,AVITA,PURA A+,I5 1235,Integrated,8GB,512GB,Rp 6.299.000
73,AXIOO,HYPE-R 3,I3 1215,Integrated,12GB,256GB,Rp 7.449.000
74,APPLE,MACBOOK PRO 14 M5,M5 10C CPU,10C GPU,16GB,1TB,Rp 29.999.000
75,DELL,PRO 14 ESSENTIAL PV14255,RYZEN 5 220,Integrated,8GB,512GB,Rp 8.999.000
76,ASUS,VIVOBOOK 14 A1404VA,I3 1315,Integrated,8GB,256GB,Rp 8.199.000
77,ACER,NITRO LITE 16,CORE 7 240H,RTX3050 6GB,16GB,512GB,Rp 15.599.000
78,HP,14,RYZEN 7 7730,Integrated,16GB,512GB,Rp 12.199.000
79,ACER,NITRO V 16S,RYZEN 7 260,RTX5050 8GB,16GB,512GB,Rp 19.999.000
80,LENOVO,IDEAPAD SLIM 3 14,I3 1315,Integrated,8GB,512GB,Rp 8.449.000
81,APPLE,MACBOOK AIR 13 M2,M2 8C CPU,8C GPU,16GB,256GB,Rp 14.299.000
82,MSI,MODERN 14,I3 1315,Integrated,8GB,512GB,Rp 8.449.000
83,AVITA,PURA A+,RYZEN 5 5500,Integrated,8GB,512GB,Rp 5.699.000
84,ASUS,VIVOBOOK S14 OLED M3407HA,RYZEN 5 220,Integrated,16GB,1TB,Rp 15.839.000
85,ACER,ASPIRE LITE 14 AL14,I3 N355,Integrated,8GB,512GB,Rp 8.219.000
86,ASUS,EXPERTBOOK P5405CSA,ULTRA 7 258V,Integrated,32GB,1TB,Rp 19.600.000
87,ACER,ASPIRE VERO 16 AI AV16,ULTRA 5 225H,Integrated,16GB,1TB,Rp 13.999.000
88,LENOVO,LOQ 15,I5 13450HX,RTX3050 6GB,12GB,512GB,Rp 14.599.000
89,AXIOO,HYPE 5 AMD X5-2,RYZEN 5 7430,Integrated,8GB,256GB,Rp 6.999.000
90,ASUS,EXPERTBOOK BG1409CVA,I5 1334,Integrated,16GB,512GB,Rp 14.900.000
91,ASUS,VIVOBOOK GO 14 E1404FA,RYZEN 3 7320,Integrated,8GB,512GB,Rp 8.049.000
92,ASUS,EXPERTBOOK P1403CVA,CORE 5 210H,Integrated,16GB,512GB,Rp 11.800.000
93,ASUS,ZENBOOK A14 UX3407QA,SNAPDRAGON X X126100,Integrated,16GB,1TB,Rp 17.889.000
94,LENOVO,THINKPAD L13 G6,ULTRA 5 225U,Integrated,16GB,512GB,Rp 21.849.000
95,ASUS,VIVOBOOK 14 A1404VA,I3 1315,Integrated,8GB,256GB,Rp 8.199.000
96,ASUS,TUF F16 FX607VU,I7 13260H,RTX4050 6GB,16GB,512GB,Rp 18.599.000
97,ASUS,VIVOBOOK 14 A1404VAP,CORE I5 120U,Integrated,8GB,512GB,Rp 10.399.000
98,AXIOO,HYPE AI 5,ULTRA 5 125H,Integrated,8GB,256GB,Rp 9.949.000
99,AXIOO,PONGO 750,I7 13620H,RTX4050 6GB,16GB,512GB,Rp 16.249.000
100,INFINIX,INBOOK AIR PRO+ OLED,I5 1334,Integrated,16GB,512GB,Rp 11.499.000